Term,Quote
0d-6m,-0.000838
3m-9m,0.004577
