Term,Quote
0d-3m,-0.003579
3m-6m,0.002160
6m-9m,0.006408
